id,name,name,name,name,name,tariff_1_min,number_tasks,payment,start_date,end_date,folder_name
4,Игорь,Информатика,"лабораторная работа","на дом","не срочно",20.00,1,2000.00,2025-05-09,2025-05-21,2025-05-21_4
6,Игорь,Информатика,"лабораторная работа","на дом","не срочно",20.00,1,3000.00,2025-05-09,2025-05-16,2025-05-16_6
1,Максим,Математика,тест,онлайн,"не срочно",25.00,23,1500.00,2025-06-17,2025-06-17,2025-06-17_1
2,"Alsu Safiullina",Математика,"лабораторная работа","на дом","не срочно",20.00,3,1800.00,2025-06-09,2025-06-10,2025-06-10_2
3,Игорь,Математика,"домашняя работа","на дом","не срочно",16.00,1,240.00,2025-06-08,2025-06-09,2025-06-09_3
5,Игорь,Математика,"домашняя работа","на дом","не срочно",16.00,1,500.00,2025-05-13,2025-05-13,2025-05-13_5
7,Игорь,Математика,"контрольная работа",онлайн,"не срочно",30.00,10,1500.00,2025-05-10,2025-05-12,2025-05-12_7
8,Игорь,Математика,экзамен,онлайн,"не срочно",40.00,10,1875.00,2025-05-10,2025-05-12,2025-05-12_8
